galaxy,redshift,pixscale,obs2phys,semimaj,axisrat,mag160,ra,dec
gal00000,1.6280000000000001,20.0,8.472052114516435,0.3,0.4,25.7553,34.4483686,-5.2194928
gal00002,2.31,20.0,8.198900867926483,0.12,0.67,24.6175,34.3604785,-5.2196415
gal00004,1.5919999999999999,20.0,8.472317386635194,0.59,0.33,23.7823,34.56470170000001,-5.2196968
gal00005,2.873,20.0,7.799686996338504,0.51,0.4,24.6846,34.418951899999996,-5.2196316
gal00008,1.5590000000000002,20.0,8.470631630811338,0.24,0.3,25.4696,34.3124697,-5.2195964
gal00009,1.105,20.0,8.179989961611515,0.24,0.25,25.5656,34.3983308,-5.219443
gal00010,2.755,20.0,7.888097168553559,0.2,0.45,25.5403,34.49700670000001,-5.2193833
gal00011,1.405,20.0,8.434575502895997,0.64,0.66,21.3251,34.3862968,-5.2212177
gal00013,1.045,20.0,8.088622730288169,0.25,0.44,23.6601,34.401782399999995,-5.219781200000001
gal00014,2.1319999999999997,20.0,8.304400855973402,0.2,0.18,26.4947,34.2865985,-5.2711023
gal00015,2.9730000000000003,20.0,7.723872271198022,0.07,0.73,26.2461,34.431500299999996,-5.2193618
gal00016,1.6230000000000002,20.0,8.472214991219401,0.21,0.21,25.6809,34.487024700000006,-5.2193635
gal00017,1.435,20.0,8.44561890511557,0.18,0.52,25.3343,34.3122708,-5.2194729
gal00020,1.621,20.0,8.472268967778222,0.2,0.37,24.7928,34.3161529,-5.2196002
gal00023,1.3559999999999999,20.0,8.411785525510771,0.12,0.46,24.1814,34.4986658,-5.2194843
gal00024,1.032,20.0,8.06658720219602,0.43,0.24,23.546999999999997,34.309954499999996,-5.2195485999999995
gal00026,1.8880000000000001,20.0,8.416897279025369,0.16,0.62,24.6762,34.4744648,-5.2192508
gal00031,1.047,20.0,8.091939316980126,0.15,0.47,26.5977,34.2944293,-5.2191975
gal00033,2.925,20.0,7.760341393192625,0.19,0.37,25.63,34.5151694,-5.219183
gal00035,2.92,20.0,7.764132627496432,0.02,0.84,26.338,34.2918294,-5.219144200000001
gal00038,1.369,20.0,8.418430924564202,0.37,0.26,22.9463,34.2779747,-5.2718568
gal00039,1.609,20.0,8.472457103469639,0.12,0.66,24.7092,34.4322807,-5.219237000000001
gal00044,1.485,20.0,8.45950105440777,0.39,0.33,23.3372,34.485462299999995,-5.2198633
gal00045,1.058,20.0,8.109836142083191,0.18,0.53,22.2189,34.29896110000001,-5.2198185
gal00046,1.3840000000000001,20.0,8.425553883095844,0.51,0.66,23.372,34.5352742,-5.2196377
gal00048,2.396,20.0,8.143017354769826,0.29,0.34,24.9378,34.48841779999999,-5.2192171
gal00049,1.4080000000000001,20.0,8.435776006767059,0.34,0.28,25.6797,34.233472799999994,-5.219034
gal00052,2.315,20.0,8.195727958143632,0.15,0.71,23.4229,34.2889979,-5.219418900000001
gal00053,1.127,20.0,8.209490221975326,0.34,0.17,25.5812,34.381184999999995,-5.2190968
gal00056,1.213,20.0,8.306332540495466,0.48,0.2,22.9435,34.381826000000004,-5.2200038
gal00057,1.06,20.0,8.113028104001758,0.16,0.41,25.23,34.2663066,-5.2190269
gal00058,2.555,20.0,8.033582697483432,0.27,0.34,25.5955,34.417334100000005,-5.2190409
gal00062,2.2769999999999997,20.0,8.219584678565408,0.29,0.38,26.1684,34.381732799999995,-5.2189654999999995
gal00063,1.42,20.0,8.440362287720745,0.44,0.59,24.1276,34.287195700000005,-5.2193937
gal00064,1.1059999999999999,20.0,8.181375618923896,0.17,0.52,24.609,34.5130384,-5.2190080000000005
gal00065,2.089,20.0,8.327331515242825,0.38,0.48,24.389,34.3901396,-5.219450599999999
gal00066,2.715,20.0,7.91770779118811,0.6,0.37,23.8308,34.458902,-5.2194962
gal00067,1.673,20.0,8.46884852197698,0.08,0.64,25.2856,34.429545399999995,-5.2711138
gal00068,1.993,20.0,8.374074730181698,0.06,0.4,25.7643,34.335915500000006,-5.2189053
gal00069,2.9210000000000003,20.0,7.763374506550515,0.35,0.36,23.9764,34.293494,-5.219147
gal00074,2.1180000000000003,20.0,8.311990846331344,0.22,0.48,25.9791,34.5467037,-5.2188608
gal00079,1.3559999999999999,20.0,8.411785525510771,0.48,0.28,23.6917,34.5387565,-5.2189833
gal00081,1.617,20.0,8.472357630606767,0.27,0.89,25.5196,34.301849,-5.2188235999999995
gal00082,1.379,20.0,8.423243474465098,0.49,0.49,23.8305,34.2745124,-5.2190895
gal00083,1.3119999999999998,20.0,8.385886344132327,0.13,0.63,23.4753,34.4214294,-5.219247
gal00084,1.119,20.0,8.198999437267076,0.23,0.19,26.2104,34.4607039,-5.2188091
gal00085,2.093,20.0,8.325246975374641,0.13,0.51,25.2369,34.253387100000005,-5.2188667
gal00086,1.005,20.0,8.018101012626344,0.14,0.51,22.7256,34.424444,-5.219258900000001
gal00088,1.541,20.0,8.468890333315898,0.13,0.41,25.2375,34.527992100000006,-5.218825700000001
gal00089,1.073,20.0,8.133318653082194,0.15,0.39,25.6423,34.3075575,-5.2188386
gal00090,2.699,20.0,7.92949036516986,0.23,0.32,24.2791,34.2755564,-5.218878500000001
gal00094,1.993,20.0,8.374074730181698,0.12,0.59,26.1379,34.2736265,-5.21873
gal00097,2.781,20.0,7.8687422587263764,0.37,0.66,25.4943,34.360444799999996,-5.2186887
gal00098,2.04,20.0,8.352006681940264,1.08,0.57,22.4433,34.5899945,-5.2196512
gal00102,1.4909999999999999,20.0,8.46080724492738,0.08,0.1,26.4711,34.2271278,-5.2186519
gal00103,1.217,20.0,8.310170886403732,0.22,0.3,24.3986,34.4257026,-5.2190093
gal00104,2.701,20.0,7.928019583162858,0.66,0.42,24.7135,34.26164179999999,-5.21894
gal00108,1.254,20.0,8.343091780177598,0.35,0.28,23.8029,34.432785700000004,-5.218953400000001
gal00111,1.798,20.0,8.445242308267485,0.15,0.76,26.2908,34.3719994,-5.2186209
gal00112,1.3330000000000002,20.0,8.398918642669072,0.14,0.5,26.0388,34.405338,-5.2186129999999995
gal00113,1.015,20.0,8.036495516914826,0.16,0.54,24.1315,34.30745170000001,-5.2190084
gal00114,1.594,20.0,8.472358972109975,0.1,0.8,25.1479,34.3938672,-5.2186899
gal00115,1.642,20.0,8.471386567364242,0.15,0.51,26.1183,34.4802013,-5.2185896
gal00118,2.072,20.0,8.336075094497543,0.24,0.58,24.7841,34.2887636,-5.2187813
gal00119,1.9669999999999999,20.0,8.385552541523312,0.07,0.74,24.3572,34.5402561,-5.218691000000001
gal00120,1.982,20.0,8.378996662426331,0.15,0.46,26.2518,34.3699552,-5.2710322
gal00121,2.2030000000000003,20.0,8.264201370476489,0.14,0.25,25.3726,34.5765603,-5.2185449
gal00123,1.38,20.0,8.4237106332373,0.56,0.72,21.8341,34.460623,-5.2198310999999995
gal00125,1.286,20.0,8.367974841831796,0.21,0.53,24.3739,34.401637799999996,-5.218702700000001
gal00126,1.188,20.0,8.2810545041233,0.26,0.38,26.5126,34.4030617,-5.2185248
gal00130,1.015,20.0,8.036495516914826,0.08,0.18,26.2787,34.5518794,-5.2184558
gal00131,1.2309999999999999,20.0,8.323169537745043,0.35,0.32,22.9034,34.305573700000004,-5.2196887
gal00132,1.2329999999999999,20.0,8.32497188674738,0.24,0.43,23.2157,34.4808351,-5.2189981
gal00133,2.289,20.0,8.212116013712526,0.37,0.44,23.2818,34.4898152,-5.218971
gal00134,1.659,20.0,8.470172751708123,0.14,0.62,26.385,34.440726,-5.2184657
gal00136,1.7209999999999999,20.0,8.462191305541943,0.05,0.09,26.5968,34.335839899999996,-5.270983599999999
gal00137,1.506,20.0,8.463750502102743,0.13,0.66,25.9302,34.2659236,-5.218403400000001
gal00138,1.715,20.0,8.463196398906943,0.21,0.32,25.3613,34.355371399999996,-5.218532499999999
gal00141,1.188,20.0,8.2810545041233,0.1,0.66,24.2651,34.588891600000004,-5.2185095
gal00144,2.158,20.0,8.290001775991984,0.15,0.48,24.677,34.3112852,-5.2185937000000004
gal00146,1.518,20.0,8.465780558002054,0.16,0.51,24.4504,34.384663399999994,-5.2185981
gal00149,1.5330000000000001,20.0,8.467923131078743,0.22,0.42,26.1253,34.3894331,-5.2183262
gal00150,1.696,20.0,8.466058023375679,0.08,0.52,25.8962,34.5114721,-5.2182972
gal00151,1.661,20.0,8.470001309959981,0.33,0.26,24.5209,34.491632700000004,-5.2187225
gal00153,2.991,20.0,7.7101663485900795,0.24,0.78,24.0781,34.3413597,-5.2186651
gal00158,2.43,20.0,8.120220722674759,0.06,0.53,25.5064,34.3860896,-5.2182857
gal00162,1.4140000000000001,20.0,8.43811204715029,0.36,0.61,22.6225,34.4219766,-5.271653400000001
gal00163,1.4409999999999998,20.0,8.447576473961844,0.18,0.29,25.7696,34.4019165,-5.218186
gal00164,1.755,20.0,8.455610222433528,0.02,0.59,25.8415,34.388021,-5.2181966
gal00165,2.017,20.0,8.363011247882907,0.47,0.78,22.6177,34.4565075,-5.2190511
gal00166,1.624,20.0,8.47218560238479,0.3,0.49,22.7915,34.224610399999996,-5.2190809
gal00167,1.347,20.0,8.406921894889834,0.2,0.29,23.7863,34.58797,-5.2185421
gal00169,2.247,20.0,8.237980312239152,0.1,0.96,22.3807,34.4058031,-5.218858099999999
gal00173,1.758,20.0,8.45495922771657,0.29,0.41,25.3364,34.492752,-5.2181233
gal00174,2.029,20.0,8.357317656276166,0.09,0.27,26.4348,34.3044309,-5.2180954
gal00175,1.4880000000000002,20.0,8.460163461606331,0.2,0.27,26.1366,34.4741702,-5.2181114
gal00179,2.215,20.0,8.257143740896494,0.43,0.22,23.2607,34.4187202,-5.2187491999999995
gal00181,1.537,20.0,8.468421809554144,0.13,0.59,25.3363,34.4812609,-5.218105400000001
gal00182,2.609,20.0,7.99500295284586,0.15,0.64,26.2261,34.3844893,-5.2180355
gal00184,1.4269999999999998,20.0,8.442880431050394,0.15,0.79,23.0537,34.361656200000006,-5.2184834
gal00185,2.116,20.0,8.313065522822399,0.29,0.34,25.5696,34.2646485,-5.218017700000001
gal00186,1.686,20.0,8.467363616855076,0.08,0.64,24.6989,34.5421686,-5.218126799999999
gal00187,1.162,20.0,8.252323491392696,0.19,0.41,24.8742,34.4671605,-5.2181242
gal00189,1.308,20.0,8.383260692344086,0.22,0.43,24.5967,34.308680700000004,-5.218203
gal00193,1.768,20.0,8.452709355094125,0.34,0.44,25.6858,34.3545351,-5.2179569
gal00194,1.285,20.0,8.367245470370634,0.12,0.27,26.121,34.5326561,-5.2179500999999995
gal00195,1.611,20.0,8.472442028955388,0.53,0.24,24.5368,34.44503710000001,-5.2184248
gal00196,1.29,20.0,8.370861928360734,0.17,0.7,26.7651,34.2493376,-5.2179169000000005
gal00200,1.426,20.0,8.442527706456126,0.16,0.23,25.5964,34.5652619,-5.2178986
gal00201,1.46,20.0,8.453242260561963,0.51,0.72,22.8571,34.4571685,-5.2187541
gal00204,1.444,20.0,8.448524642444116,0.3,0.36,24.0093,34.290955,-5.218361799999999
gal00205,2.4459999999999997,20.0,8.10936901113784,0.13,0.43,24.5414,34.3970348,-5.2180464
gal00206,1.2890000000000001,20.0,8.37014470494731,0.19,0.63,24.5577,34.228407700000005,-5.2181449
gal00208,2.222,20.0,8.252993806209494,0.22,0.22,26.2326,34.303434499999995,-5.217899299999999
gal00209,1.043,20.0,8.085286686320517,0.22,0.86,25.5014,34.3963023,-5.217911099999999
gal00211,2.745,20.0,7.895519467423525,0.29,0.51,25.928,34.415397999999996,-5.2178926
gal00214,2.5639999999999996,20.0,8.027195552741615,0.22,0.1,24.4727,34.4860561,-5.2711435
gal00215,1.5290000000000001,20.0,8.467394066927602,0.54,0.2,25.1768,34.524776,-5.2180557
gal00216,2.167,20.0,8.284928654544245,0.07,0.87,23.3972,34.271153399999996,-5.2181543
gal00219,1.945,20.0,8.394832033083992,0.21,0.37,25.5012,34.5481537,-5.217810299999999
gal00220,1.954,20.0,8.391085040541551,0.14,0.59,26.183000000000003,34.2986204,-5.217792500000001
gal00221,1.9480000000000002,20.0,8.393590694230664,0.18,0.44,23.5306,34.3317232,-5.218098400000001
gal00223,1.7790000000000001,20.0,8.450094706005066,0.69,0.14,25.6809,34.2531851,-5.2709188
gal00228,2.938,20.0,7.750477025775994,0.2,0.53,24.4404,34.5162611,-5.2180152
gal00230,1.9769999999999999,20.0,8.381202148085087,0.15,0.64,23.491,34.4544638,-5.271289
gal00231,1.104,20.0,8.178599979652594,0.27,0.36,25.4504,34.4875301,-5.2177935
gal00232,1.614,20.0,8.472407151692275,0.36,0.28,24.043000000000003,34.34291210000001,-5.2181370000000005
gal00233,1.16,20.0,8.250006708501695,0.26,0.57,22.7889,34.3541931,-5.2184007
gal00234,2.5380000000000003,20.0,8.045597567608633,0.45,0.43,23.5857,34.3474742,-5.2183669
gal00236,1.4269999999999998,20.0,8.442880431050394,0.52,0.19,23.4596,34.2438434,-5.2180135000000005
gal00237,1.943,20.0,8.395655306588006,0.14,0.3,26.3358,34.3880636,-5.217636799999999
gal00238,1.903,20.0,8.411379029633208,0.07,0.77,25.6665,34.4690288,-5.2176307
gal00239,2.3569999999999998,20.0,8.168693646598504,0.4,0.54,24.3137,34.483179299999996,-5.218134
gal00240,1.4909999999999999,20.0,8.46080724492738,0.38,0.55,23.2294,34.5042107,-5.2180683
gal00243,1.216,20.0,8.309216535360529,0.12,0.18,26.1982,34.322526200000006,-5.2709019
gal00244,1.12,20.0,8.20032542776514,0.55,0.32,23.1675,34.527967,-5.218251
gal00245,1.7309999999999999,20.0,8.460410365737928,0.38,0.36,23.7535,34.39194929999999,-5.2180045
gal00246,1.504,20.0,8.463384343882867,0.28,0.57,23.9296,34.4270219,-5.2179407
gal00249,1.6840000000000002,20.0,8.467607809239194,0.16,0.25,22.7606,34.53633370000001,-5.2179
gal00251,1.686,20.0,8.467363616855076,0.24,0.57,24.1942,34.3892171,-5.217829
gal00261,1.514,20.0,8.465135460249655,0.41,0.4,25.269000000000002,34.266417,-5.2174737
gal00262,1.5759999999999998,20.0,8.471738155885747,0.26,0.35,24.1579,34.4215204,-5.2176559000000005
gal00264,2.0469999999999997,20.0,8.348582140195084,0.18,0.63,25.1982,34.4577982,-5.2176035
gal00266,2.219,20.0,8.254775291967213,0.25,0.66,22.7253,34.546189700000006,-5.217882599999999
gal00268,2.209,20.0,8.260681566186497,0.08,0.46,25.5869,34.4586862,-5.2174389
gal00269,2.326,20.0,8.188712721077728,0.35,0.3,24.4358,34.5266915,-5.217599099999999
gal00272,1.8969999999999998,20.0,8.413611830811938,0.18,0.08,26.3,34.3649534,-5.2173487000000005
gal00276,2.806,20.0,7.850059490758849,0.27,0.51,23.0406,34.3997296,-5.218112400000001
gal00278,1.053,20.0,8.101773095569563,0.17,0.79,24.3128,34.575557200000006,-5.217516900000001
gal00279,2.377,20.0,8.155592034212166,0.07,0.51,24.2288,34.4000925,-5.2175306
gal00282,2.004,20.0,8.369058440680634,0.27,0.55,26.2095,34.4210718,-5.270868599999999
gal00284,2.471,20.0,8.092263704654112,0.76,0.54,22.7673,34.3334359,-5.2182455999999995
gal00286,2.042,20.0,8.35103176842234,0.22,0.16,25.4609,34.3971138,-5.2173456
gal00287,2.156,20.0,8.291123035830445,0.16,0.25,26.4888,34.314290500000006,-5.217228599999999
gal00288,2.218,20.0,8.255368141871461,0.41,0.85,23.985,34.3346432,-5.2177102
gal00289,1.643,20.0,8.471327364483615,0.08,0.32,26.3772,34.2920931,-5.217219
gal00291,1.012,20.0,8.03103181716016,0.38,0.79,24.6344,34.2919844,-5.2174133000000005
gal00293,2.721,20.0,7.913279909085944,0.45,0.67,22.4805,34.3705899,-5.217977200000001
gal00296,1.095,20.0,8.165894131858284,0.14,0.81,24.6592,34.35224829999999,-5.217350499999999
gal00297,2.1069999999999998,20.0,8.317871328750755,0.17,0.36,25.5037,34.2719769,-5.2172129
gal00298,1.4580000000000002,20.0,8.452683471335266,0.56,0.24,24.8617,34.5781306,-5.2171291
gal00299,2.176,20.0,8.279811232153838,0.26,0.56,23.6213,34.23395,-5.217675099999999
gal00305,1.155,20.0,8.244146626072698,0.44,0.43,22.4588,34.4241779,-5.2176788
gal00308,2.688,20.0,7.937568953743311,0.21,0.47,24.8705,34.3040997,-5.2172
gal00309,1.984,20.0,8.378108877634213,0.08,0.6,25.8592,34.2570328,-5.2170464999999995
gal00310,1.19,20.0,8.283159926938003,0.27,0.34,24.1043,34.4194466,-5.2172913
gal00311,1.744,20.0,8.457901094034693,0.18,0.33,24.0601,34.543149299999996,-5.217246
gal00313,2.136,20.0,8.30221096492475,0.19,0.28,26.3913,34.2948035,-5.2170252999999995
gal00314,2.481,20.0,8.085372595168069,0.27,0.64,24.6053,34.35773820000001,-5.2171958
gal00317,2.3480000000000003,20.0,8.174542552296836,0.23,0.19,24.0734,34.336026399999994,-5.2174783
gal00318,1.3319999999999999,20.0,8.398326281923794,0.39,0.58,25.0421,34.4191389,-5.217044400000001
gal00320,1.197,20.0,8.290413810244509,0.18,0.55,24.2266,34.5296028,-5.2171712999999995
gal00323,1.247,20.0,8.337213428897389,0.27,0.55,22.9424,34.26620379999999,-5.271800700000001
gal00324,1.431,20.0,8.444268125342568,0.48,0.13,24.97,34.2487243,-5.2169206
gal00325,1.301,20.0,8.37855317600713,0.26,0.68,24.1576,34.4022202,-5.2172052
gal00329,1.73,20.0,8.460594353131771,0.11,0.49,25.1417,34.355298600000005,-5.2170416
gal00330,2.201,20.0,8.265370594070205,0.2,0.46,25.1424,34.473247,-5.217142900000001
gal00333,1.693,20.0,8.466464426955888,0.45,0.28,24.4393,34.2939723,-5.2173907
gal00334,2.7089999999999996,20.0,7.922130590927634,0.29,0.32,25.7403,34.5173171,-5.2168285
gal00336,1.069,20.0,8.127159208325018,0.22,0.77,20.4893,34.557080799999994,-5.218432599999999
gal00338,2.7239999999999998,20.0,7.911064092263246,0.2,0.83,24.258000000000003,34.463498799999996,-5.2170146
gal00340,1.6,20.0,8.47244326112147,0.27,0.22,24.8867,34.4945857,-5.2169805
gal00341,2.67,20.0,7.950748096987226,0.12,0.74,24.3633,34.5046619,-5.2762884
gal00342,2.394,20.0,8.144346719481256,0.26,0.55,25.3596,34.304706599999996,-5.2171125
gal00344,1.5859999999999999,20.0,8.472151800665051,0.08,0.67,26.5164,34.3142281,-5.2167497
gal00345,2.4619999999999997,20.0,8.09844208170165,0.12,0.84,24.1957,34.4050146,-5.2170999
gal00350,1.301,20.0,8.37855317600713,0.31,0.44,24.2862,34.529459100000004,-5.2168709
gal00353,2.068,20.0,8.33810471408105,0.33,0.48,24.3582,34.3092677,-5.2169665
gal00357,1.4780000000000002,20.0,8.457882409783808,0.66,0.33,22.2049,34.285055,-5.2714594
gal00359,1.3630000000000002,20.0,8.415419030600408,0.25,0.43,23.2593,34.32266920000001,-5.2172517
gal00360,2.5469999999999997,20.0,8.039244976518324,0.52,0.22,25.8951,34.5454176,-5.2166094
gal00362,1.8459999999999999,20.0,8.431179301708786,0.14,0.4,23.2174,34.469525899999994,-5.2169526
gal00363,2.49,20.0,8.079147511169026,0.45,0.41,23.3775,34.4505766,-5.217170200000001
gal00364,1.3019999999999998,20.0,8.379234510686173,0.13,0.69,24.5998,34.3453084,-5.216778700000001
gal00365,1.131,20.0,8.2146359237789,0.3,0.41,24.8451,34.274230100000004,-5.216842400000001
gal00368,1.6280000000000001,20.0,8.472052114516435,0.31,0.19,24.4176,34.2904638,-5.2169685999999995
gal00369,2.323,20.0,8.19063067210492,0.16,0.82,26.0755,34.3037232,-5.216569
gal00371,2.124,20.0,8.308752325934057,0.06,0.65,24.627,34.561592499999996,-5.216690900000001
gal00375,1.237,20.0,8.328536158437206,0.27,0.5,24.1429,34.2239262,-5.2166922
gal00376,1.848,20.0,8.430539691287077,0.29,0.33,24.8368,34.5914766,-5.2165834
gal00377,2.2,20.0,8.265954442689653,0.12,0.78,25.9903,34.305612599999996,-5.216521
gal00378,1.151,20.0,8.239387987314103,0.29,0.38,24.6766,34.261612,-5.2710563
gal00379,1.6059999999999999,20.0,8.472467387119968,0.22,0.56,23.6252,34.3539949,-5.2167987
gal00381,1.464,20.0,8.454333677685149,0.19,0.63,25.1467,34.5663941,-5.2164872
gal00383,1.256,20.0,8.344742061461117,0.66,0.55,22.9747,34.4268006,-5.2173431
gal00384,1.797,20.0,8.445508117262474,0.37,0.85,22.7935,34.4268809,-5.2715736
gal00386,2.189,20.0,8.27234286400481,0.22,0.27,24.8282,34.331872600000004,-5.2165439000000005
gal00387,1.073,20.0,8.133318653082194,0.29,0.29,24.9624,34.2942129,-5.2166164
gal00388,2.042,20.0,8.35103176842234,0.14,0.56,25.1022,34.4984624,-5.216529799999999
gal00389,2.8810000000000002,20.0,7.793646564246229,0.3,0.67,25.0713,34.237095700000005,-5.2165093
gal00390,1.421,20.0,8.440729055003487,0.37,0.43,25.4805,34.439411299999996,-5.2164321
gal00392,2.408,20.0,8.135013602446897,0.4,0.4,25.7409,34.3063615,-5.2164215
gal00393,1.536,20.0,8.468299975931616,0.04,0.6,26.6089,34.31224279999999,-5.2164193
gal00394,1.341,20.0,8.403557788978308,0.12,0.25,25.9223,34.504365,-5.216407599999999
gal00395,1.515,20.0,8.465299679093206,0.07,0.64,25.9437,34.4013005,-5.2164199
gal00397,1.208,20.0,8.301455670298822,0.13,0.58,26.3774,34.2806306,-5.2163905999999995
gal00398,2.286,20.0,8.213988928303575,0.43,0.34,23.8296,34.4028108,-5.2168201
gal00399,1.521,20.0,8.46624384890737,0.28,0.81,22.6319,34.4464408,-5.2175327000000005
gal00401,1.1179999999999999,20.0,8.197669238701048,0.14,0.62,26.3127,34.4745027,-5.2163777
gal00402,1.003,20.0,8.014359281283888,0.22,0.76,23.648000000000003,34.394336100000004,-5.2167474
gal00405,1.375,20.0,8.421349308022348,0.17,0.47,23.3459,34.273955900000004,-5.2166514
gal00407,1.891,20.0,8.415810696848277,0.24,0.41,23.6584,34.576266,-5.2166315
gal00408,1.801,20.0,8.4444380328673,0.23,0.47,24.6268,34.5379569,-5.2164272
gal00409,1.4340000000000002,20.0,8.445284655508738,0.1,0.9,22.8988,34.4431708,-5.2168323
gal00411,1.7009999999999998,20.0,8.46535290311312,0.06,0.68,25.5206,34.56277070000001,-5.270728500000001
gal00416,2.3569999999999998,20.0,8.168693646598504,0.26,0.63,23.1885,34.4506314,-5.216886
gal00418,2.667,20.0,7.952939589797306,0.12,0.68,25.7955,34.479963500000004,-5.2162254
gal00419,2.187,20.0,8.27349764903433,0.13,0.33,24.7476,34.3853576,-5.2708153
gal00420,2.767,20.0,7.8791740971405435,0.07,0.88,25.2821,34.448776200000005,-5.216296400000001
gal00423,1.548,20.0,8.469638378563559,0.27,0.49,25.271,34.500265399999996,-5.2161905
gal00425,2.945,20.0,7.745161341596379,0.14,0.39,25.7836,34.560196999999995,-5.2707069
gal00427,1.2830000000000001,20.0,8.365777566656574,0.1,0.54,25.6655,34.4398551,-5.2161404000000005
gal00429,2.3569999999999998,20.0,8.168693646598504,0.3,0.68,24.3392,34.361873100000004,-5.216385099999999
gal00430,1.97,20.0,8.384255971952017,0.07,0.47,25.1886,34.3271991,-5.2161731
gal00432,1.208,20.0,8.301455670298822,0.22,0.35,25.833000000000002,34.4674033,-5.2160977
gal00435,1.475,20.0,8.457157147472282,0.34,0.83,24.5304,34.289168100000005,-5.216329099999999
gal00438,1.4369999999999998,20.0,8.446280539928402,0.27,0.5,19.807000000000002,34.4634255,-5.272727099999999
gal00439,1.3530000000000002,20.0,8.4101884663415,0.25,0.32,25.5976,34.4699534,-5.2160444
gal00440,1.061,20.0,8.114616995772924,0.29,0.45,24.2051,34.5727227,-5.2163831
gal00441,1.222,20.0,8.314890589866362,0.35,0.49,21.0055,34.3806536,-5.217890000000001
gal00442,1.113,20.0,8.190954836692951,0.17,0.52,24.7283,34.538097,-5.2161222
gal00443,1.12,20.0,8.20032542776514,0.23,0.53,24.5753,34.3191587,-5.2161954
gal00446,1.645,20.0,8.471204343572976,0.25,0.49,23.816,34.332610200000005,-5.2710758
gal00447,1.4580000000000002,20.0,8.452683471335266,0.4,0.28,25.811,34.393396100000004,-5.2159814
gal00448,1.272,20.0,8.357483792240178,0.18,0.41,24.9933,34.4826387,-5.2160555
gal00449,1.345,20.0,8.405811418842813,0.22,0.52,23.8468,34.5132524,-5.2162215
gal00450,1.072,20.0,8.13178572065768,0.29,0.32,24.2861,34.3436635,-5.2162142
gal00452,1.443,20.0,8.448210842600274,0.05,0.85,26.6495,34.4812249,-5.2159614
gal00453,1.088,20.0,8.155765162289393,0.35,0.44,25.9579,34.5819799,-5.2159264
gal00456,1.327,20.0,8.395322546647696,0.15,0.62,23.679000000000002,34.302854700000005,-5.2162885
gal00463,1.187,20.0,8.279996276458629,0.45,0.47,23.3267,34.2270099,-5.216594799999999
gal00465,1.161,20.0,8.25116703882653,0.12,0.68,23.6569,34.4471019,-5.2710114
gal00466,1.3230000000000002,20.0,8.392868917692203,0.1,0.43,25.4751,34.3794801,-5.2158197
gal00471,1.354,20.0,8.410723490863871,0.65,0.53,21.7803,34.4219844,-5.2167985
gal00475,1.41,20.0,8.436564281046635,0.26,0.3,23.7805,34.2523341,-5.215985099999999
gal00476,1.265,20.0,8.352009313700231,0.16,0.27,25.4862,34.4448135,-5.2157519
gal00478,1.899,20.0,8.41287131464287,0.53,0.37,23.6172,34.2886348,-5.216459599999999
gal00479,1.025,20.0,8.054373951914558,0.25,0.62,23.1833,34.3627263,-5.2163167999999995
gal00480,2.641,20.0,7.971869443014992,0.3,0.62,24.8394,34.4140985,-5.2158565
gal00481,1.804,20.0,8.443623531090102,0.16,0.3,25.8646,34.329196100000004,-5.2156731
gal00482,1.9140000000000001,20.0,8.407198737431154,0.59,0.73,22.6698,34.289960799999996,-5.2167940999999995
gal00483,1.296,20.0,8.375102000300629,0.42,0.78,23.1973,34.523214200000005,-5.2164747
gal00484,2.783,20.0,7.867250158998747,0.21,0.4,26.5994,34.471681200000006,-5.215652700000001
gal00486,1.3869999999999998,20.0,8.426909801582848,0.07,0.75,24.7644,34.2892552,-5.2157652
gal00487,2.68,20.0,7.9434326565093425,0.05,0.32,25.3409,34.454284200000004,-5.215783999999999
gal00489,1.23,20.0,8.322263287154156,0.17,0.66,25.459,34.4550665,-5.215675900000001
gal00490,2.0709999999999997,20.0,8.336583500537172,0.24,0.65,24.8353,34.5559987,-5.2156227
gal00491,1.689,20.0,8.466986702031683,0.12,0.82,25.8442,34.3459763,-5.2155610999999995
gal00492,1.3780000000000001,20.0,8.422773767442584,0.21,0.67,24.8062,34.589975,-5.215707599999999
gal00493,1.635,20.0,8.47175763716746,0.27,0.11,26.2435,34.2624968,-5.215536900000001
gal00495,1.383,20.0,8.425096868712195,0.37,0.69,22.7403,34.4477804,-5.2164131
gal00496,1.66,20.0,8.470087775888807,0.14,0.64,26.5276,34.3242355,-5.2155366999999995
gal00497,1.5590000000000002,20.0,8.470631630811338,0.29,0.38,24.2795,34.4154035,-5.215696
gal00499,1.0290000000000001,20.0,8.061383091813049,0.45,0.82,22.5019,34.4370132,-5.216306200000001
gal00500,2.113,20.0,8.314672974848577,0.13,0.78,24.4051,34.4271683,-5.2707652000000005
gal00501,1.8359999999999999,20.0,8.43431455068923,0.19,0.6,26.2976,34.2495114,-5.2154606
gal00502,1.183,20.0,8.275726424049706,0.26,0.55,26.0339,34.3063224,-5.2154679
gal00507,1.749,20.0,8.456878619613573,0.18,0.64,24.6736,34.4386591,-5.2156293
gal00508,1.9140000000000001,20.0,8.407198737431154,0.32,0.51,24.2098,34.354062400000004,-5.215691099999999
gal00510,2.217,20.0,8.255960500693213,0.31,0.21,25.377,34.4919349,-5.2154934
gal00512,1.262,20.0,8.349615659578012,0.11,0.47,24.8085,34.3826913,-5.2155773000000005
gal00513,1.365,20.0,8.416433451733386,0.09,0.67,25.6572,34.5140547,-5.215396
gal00515,1.83,20.0,8.436144867911228,0.21,0.23,26.3698,34.3756367,-5.2153890999999994
gal00518,1.735,20.0,8.459661436715429,0.07,0.78,25.590999999999998,34.325157,-5.2153433
gal00519,1.3330000000000002,20.0,8.398918642669072,0.09,0.59,25.035999999999998,34.2984501,-5.2154289
gal00520,1.844,20.0,8.431814746956034,0.26,0.89,23.0563,34.47046029999999,-5.2158489999999995
gal00522,2.372,20.0,8.158880647021164,0.2,0.59,25.3864,34.490274600000006,-5.2153944
gal00525,1.048,20.0,8.093590337727539,0.14,0.62,23.5295,34.342859499999996,-5.2156612
gal00526,1.329,20.0,8.396532448529381,0.94,0.25,25.9551,34.3184493,-5.2152750999999995
gal00528,1.022,20.0,8.049064004762888,0.26,0.54,22.7531,34.5249136,-5.2160167
gal00531,1.038,20.0,8.076860946718444,0.3,0.27,24.7535,34.42623029999999,-5.2154934
gal00532,1.922,20.0,8.404089096533713,0.31,0.46,25.2427,34.28607879999999,-5.2151844
gal00535,2.412,20.0,8.132335330634254,0.22,0.31,25.9849,34.307309000000004,-5.2151663
gal00537,1.068,20.0,8.12560776895314,0.3,0.52,25.741999999999997,34.5688407,-5.215141
gal00541,1.446,20.0,8.449145494686116,0.29,0.34,23.5481,34.499846600000005,-5.2156413
gal00543,1.376,20.0,8.421826689115852,0.3,0.48,25.7627,34.225683399999994,-5.215114099999999
gal00544,1.327,20.0,8.395322546647696,0.46,0.74,24.6174,34.3886749,-5.2762383
gal00546,1.6119999999999999,20.0,8.472432035477276,0.15,0.21,25.3038,34.3815807,-5.2151288000000005
gal00548,2.0340000000000003,20.0,8.354914344422763,0.03,0.78,24.0356,34.3887599,-5.2153195
gal00549,1.021,20.0,8.047283856286718,0.12,0.56,26.259,34.4277541,-5.2151143
gal00553,1.157,20.0,8.246502375502297,0.15,0.5,26.0005,34.4343734,-5.215046
gal00555,2.445,20.0,8.110049476818267,0.1,0.33,25.9604,34.237908000000004,-5.2705793
gal00558,2.343,20.0,8.177779060261011,0.16,0.36,23.7097,34.4541917,-5.215528400000001
gal00560,2.6639999999999997,20.0,7.955129610497925,0.08,0.75,24.6113,34.365467100000004,-5.2151238
gal00561,1.989,20.0,8.375875550133394,0.33,0.33,24.3461,34.2582534,-5.2151695
gal00562,1.423,20.0,8.441455539138186,0.06,0.81,22.3538,34.4233867,-5.2711896
gal00566,1.2990000000000002,20.0,8.377181623292117,0.18,0.62,24.8609,34.5126169,-5.215057099999999
gal00568,1.5330000000000001,20.0,8.467923131078743,0.24,0.3,24.7277,34.5475093,-5.215038
gal00569,2.2880000000000003,20.0,8.212740740964339,0.43,0.34,23.2137,34.3220648,-5.215463099999999
gal00570,1.597,20.0,8.472408680131172,0.22,0.51,24.445999999999998,34.3290445,-5.2152351999999995
gal00571,2.65,20.0,7.965329854425946,0.28,0.31,26.4209,34.3082777,-5.270529
gal00573,1.0170000000000001,20.0,8.040112163804245,0.37,0.33,23.0363,34.5687157,-5.2153739
gal00575,2.129,20.0,8.306037102331691,0.18,0.13,26.2732,34.5005195,-5.2149278
gal00577,1.464,20.0,8.454333677685149,0.28,0.37,24.643,34.5622154,-5.2150620000000005
gal00579,2.965,20.0,7.7299589473747075,0.15,0.14,25.7605,34.4185886,-5.2149481
gal00580,1.127,20.0,8.209490221975326,0.44,0.3,24.2917,34.4064899,-5.2153754999999995
gal00581,2.354,20.0,8.170646567406981,0.24,0.79,23.4105,34.4528696,-5.2153919
gal00583,1.057,20.0,8.108233053352171,0.22,0.09,26.1752,34.343110700000004,-5.2148599
gal00584,1.932,20.0,8.400121375390611,0.07,0.89,25.2188,34.3043411,-5.214946299999999
gal00585,1.5290000000000001,20.0,8.467394066927602,0.05,0.12,26.4625,34.275716100000004,-5.2148081
gal00589,1.305,20.0,8.38126081612611,0.1,0.26,25.9753,34.2683013,-5.214789499999999
gal00590,2.585,20.0,8.012224194741444,0.14,0.54,24.3142,34.4617902,-5.2149706
gal00591,1.331,20.0,8.397731132888584,0.3,0.85,25.4822,34.3236675,-5.2148665
gal00593,1.9869999999999999,20.0,8.376771250200965,0.18,0.53,23.093000000000004,34.30337279999999,-5.2153113
gal00596,1.806,20.0,8.443074877826769,0.32,0.52,22.174,34.3546192,-5.2716046
gal00598,2.237,20.0,8.244021202170758,0.21,0.24,24.549,34.5060383,-5.2149049000000005
gal00599,2.338,20.0,8.181006232563178,0.28,0.21,26.1425,34.2364747,-5.2146638
gal00600,1.3319999999999999,20.0,8.398326281923794,0.38,0.37,22.6266,34.373577399999995,-5.215594599999999
gal00603,1.695,20.0,8.466194885615085,0.14,0.48,25.6592,34.454907299999995,-5.2147385
gal00607,1.359,20.0,8.413358618065338,0.22,0.78,22.2512,34.4018709,-5.215552400000001
gal00613,1.808,20.0,8.442521723276764,0.27,0.42,24.4217,34.499499,-5.2706758
gal00615,2.166,20.0,8.285494537667404,0.06,0.86,25.1301,34.556404,-5.2145908
gal00617,1.7409999999999999,20.0,8.458499378156187,0.39,0.53,24.563000000000002,34.2550859,-5.214711
gal00618,1.4980000000000002,20.0,8.462237575713733,0.19,0.15,24.4744,34.54880429999999,-5.2147122
gal00619,1.262,20.0,8.349615659578012,0.19,0.89,25.3163,34.3928737,-5.2147303
gal00621,2.642,20.0,7.971143521229088,0.14,0.73,24.6817,34.4514171,-5.2146551
gal00624,1.99,20.0,8.375426520276635,0.31,0.45,25.4325,34.5542959,-5.214403599999999
gal00625,1.445,20.0,8.448836191708489,0.38,0.34,25.6763,34.3363533,-5.2144193
gal00627,1.604,20.0,8.472465987433594,0.02,0.48,26.406999999999996,34.401553899999996,-5.214413700000001
gal00628,1.475,20.0,8.457157147472282,0.18,0.57,24.9283,34.4472448,-5.2145621
gal00631,2.336,20.0,8.182294463811957,0.53,0.37,23.6385,34.2503251,-5.2147794
gal00635,2.4019999999999997,20.0,8.139021348479815,0.09,0.64,25.1748,34.51347020000001,-5.2143127
gal00636,1.5719999999999998,20.0,8.471523897312842,0.33,0.18,24.6056,34.280618100000005,-5.2144645
gal00637,1.047,20.0,8.091939316980126,0.36,0.18,24.3325,34.2846513,-5.2146619
gal00638,1.901,20.0,8.41212704268522,0.18,0.36,25.5942,34.4178627,-5.2142607000000005
gal00640,2.302,20.0,8.203956569635713,0.25,0.33,24.9613,34.420004999999996,-5.2144535
gal00641,1.6640000000000001,20.0,8.469732999978838,0.18,0.36,23.6006,34.378731099999996,-5.2148185
gal00646,2.7769999999999997,20.0,7.871725096490038,0.15,0.19,25.3959,34.4464099,-5.2142784
gal00647,1.682,20.0,8.467846308899107,0.49,0.86,22.233,34.5786096,-5.2151053
gal00648,1.692,20.0,8.466597100703758,0.23,0.79,24.5137,34.5447201,-5.2144072999999995
gal00650,1.999,20.0,8.371350137635273,0.25,0.69,25.4357,34.3937537,-5.214236
gal00652,2.215,20.0,8.257143740896494,0.22,0.39,24.5994,34.2889667,-5.2143429
gal00654,1.196,20.0,8.289388446283269,0.16,0.48,23.5282,34.3701186,-5.2144961
gal00655,1.7480000000000002,20.0,8.457085636562407,0.25,0.3,25.3691,34.4829191,-5.2141867
gal00657,2.642,20.0,7.971143521229088,0.2,0.77,25.9473,34.4384431,-5.2141468
gal00658,1.514,20.0,8.465135460249655,0.58,0.76,24.7348,34.2524265,-5.2141989
gal00659,2.906,20.0,7.7747394989458884,0.18,0.75,24.0986,34.3169721,-5.2143987
gal00660,1.4409999999999998,20.0,8.447576473961844,0.26,0.8,24.8625,34.4400132,-5.214284200000001
gal00661,1.571,20.0,8.471465933752535,0.1,0.09,26.4282,34.244288399999995,-5.2140959
gal00662,1.113,20.0,8.190954836692951,0.17,0.49,24.838,34.3190924,-5.2142352999999995
gal00663,2.352,20.0,8.171946694822077,0.33,0.23,25.9808,34.419796399999996,-5.2141007
gal00665,1.4780000000000002,20.0,8.457882409783808,0.35,0.23,24.1547,34.3285921,-5.214320900000001
gal00666,1.933,20.0,8.399719734582426,0.03,0.71,26.2784,34.3474002,-5.2140574
gal00667,2.057,20.0,8.343630579998031,0.2,0.24,24.6004,34.5164441,-5.2142084
gal00669,1.006,20.0,8.019963977891315,0.15,0.36,25.6358,34.3348262,-5.2140306
gal00670,1.01,20.0,8.02736341181804,0.67,0.28,22.0182,34.4077797,-5.2153488
gal00671,1.494,20.0,8.461432510656296,0.41,0.26,24.4798,34.5089174,-5.214252200000001
gal00673,1.754,20.0,8.455824740343825,0.88,0.19,23.2391,34.4443061,-5.2143472
gal00675,1.58,20.0,8.471924422029163,0.47,0.26,24.7068,34.4453435,-5.2143277999999995
gal00678,1.4980000000000002,20.0,8.462237575713733,0.08,0.75,23.3042,34.3793066,-5.2143551
gal00679,2.7089999999999996,20.0,7.922130590927634,0.12,0.38,24.3477,34.3533327,-5.214236
gal00680,1.871,20.0,8.42288998089815,0.15,0.28,24.8475,34.2521137,-5.2140333
gal00681,1.402,20.0,8.433353177125934,0.15,0.49,24.276999999999997,34.2398666,-5.2775057
gal00682,2.673,20.0,7.948555145148621,0.06,0.81,24.5983,34.3944518,-5.2705867
gal00689,2.688,20.0,7.937568953743311,0.13,0.68,25.7358,34.5184221,-5.213928299999999
gal00691,1.651,20.0,8.470798570692732,0.22,0.69,23.6335,34.3927655,-5.2144170999999995
gal00692,1.692,20.0,8.466597100703758,0.06,0.88,26.3399,34.48885429999999,-5.2704226
gal00693,2.8510000000000004,20.0,7.816271554765818,0.29,0.12,25.666999999999998,34.4360676,-5.2138862
gal00694,1.062,20.0,8.116201173775579,0.3,0.26,24.6084,34.4278323,-5.2142349
gal00696,2.068,20.0,8.33810471408105,0.25,0.68,23.6101,34.4141573,-5.2143505
gal00697,1.945,20.0,8.394832033083992,0.09,0.66,23.7793,34.5003873,-5.2141529
gal00703,1.955,20.0,8.390664472796187,0.63,0.23,24.6587,34.455033799999995,-5.21401
gal00704,1.2790000000000001,20.0,8.36280495117385,0.54,0.21,24.0566,34.5523823,-5.2144673
gal00705,2.798,20.0,7.856045298313424,0.23,0.2,25.8895,34.3443216,-5.213824400000001
gal00706,1.2770000000000001,20.0,8.361300144760751,0.45,0.4,23.6023,34.39412539999999,-5.2146231
gal00708,1.0290000000000001,20.0,8.061383091813049,0.34,0.62,23.6805,34.3989334,-5.21436
gal00710,2.9760000000000004,20.0,7.721588975213642,0.36,0.35,26.1003,34.434473700000005,-5.2137958
gal00712,1.39,20.0,8.428243134069698,0.16,0.53,24.4861,34.5632596,-5.213931
gal00713,1.014,20.0,8.034679457783849,0.09,0.72,26.2655,34.5048804,-5.2137699
gal00714,2.134,20.0,8.303307082005261,0.31,0.76,23.1373,34.300476399999994,-5.2143382
gal00715,1.835,20.0,8.434622269947495,0.25,0.38,24.0675,34.497373700000004,-5.213889099999999
gal00717,1.835,20.0,8.434622269947495,0.18,0.65,26.4495,34.289293,-5.21373
gal00718,1.135,20.0,8.21971585279883,0.07,0.48,25.316999999999997,34.370825200000006,-5.213740799999999
gal00720,2.8310000000000004,20.0,7.831312075853606,0.21,0.41,24.5678,34.35830120000001,-5.2139513
gal00721,2.042,20.0,8.35103176842234,0.6,0.22,23.8452,34.429965,-5.2142697
gal00724,1.9269999999999998,20.0,8.402116344800454,0.24,0.24,24.881,34.316028100000004,-5.2139136
gal00726,2.721,20.0,7.913279909085944,0.15,0.37,25.9465,34.58622020000001,-5.2136187000000005
gal00727,2.29,20.0,8.2114908653084,0.13,0.66,26.0369,34.3989075,-5.213629
gal00729,2.516,20.0,8.06104556314164,0.16,0.37,26.0788,34.4644037,-5.213603400000001
gal00730,1.229,20.0,8.321353643782654,0.48,0.31,23.0404,34.4651316,-5.2145388
gal00731,1.008,20.0,8.023674159572304,0.14,0.86,26.2684,34.4839791,-5.2135967
gal00732,2.807,20.0,7.849310795463006,0.18,0.71,22.9541,34.5181865,-5.2144614
gal00736,1.155,20.0,8.244146626072698,0.18,0.28,25.5446,34.279026200000004,-5.2136487
gal00737,1.5930000000000002,20.0,8.472339026203457,0.28,0.66,24.1497,34.3930039,-5.213946099999999
gal00738,2.21,20.0,8.26009317389642,0.04,0.79,26.2988,34.347456799999996,-5.2135522000000005
gal00739,1.435,20.0,8.44561890511557,0.24,0.49,25.4049,34.343552,-5.2135678
gal00740,1.227,20.0,8.3195241524564,0.14,0.51,23.3465,34.3010174,-5.2139248
gal00744,1.432,20.0,8.444609270011519,0.39,0.27,24.4266,34.4320908,-5.2137953
gal00746,1.5719999999999998,20.0,8.471523897312842,0.49,0.41,24.6274,34.3823907,-5.2138108
gal00749,1.588,20.0,8.472213826925964,0.47,0.33,23.3126,34.381136700000006,-5.2141462
gal00750,1.5430000000000001,20.0,8.469113358875635,0.9,0.28,24.8074,34.555180799999995,-5.2135377
gal00751,1.9809999999999999,20.0,8.37943936002902,0.18,0.32,24.695999999999998,34.383058399999996,-5.213543799999999
gal00752,1.91,20.0,8.4087317337431,0.07,0.8,23.2561,34.347864799999996,-5.2137825
gal00754,1.347,20.0,8.406921894889834,0.26,0.35,26.3028,34.3057912,-5.2133959
gal00755,2.41,20.0,8.133675106629418,0.13,0.66,26.2921,34.3019867,-5.2133969
gal00756,1.1059999999999999,20.0,8.181375618923896,0.13,0.45,25.4212,34.3077069,-5.2134545
gal00758,2.349,20.0,8.173894139678191,0.31,0.4,24.1134,34.45377379999999,-5.2137457000000005
gal00759,1.3459999999999999,20.0,8.406368014094879,0.37,0.36,23.4833,34.260834700000004,-5.2140089000000005
gal00760,1.6840000000000002,20.0,8.467607809239194,0.04,0.42,25.7173,34.5275,-5.213372
gal00761,2.8819999999999997,20.0,7.792891163077376,0.07,0.4,26.1972,34.4445031,-5.213383400000001
gal00763,2.431,20.0,8.119544749497653,0.27,0.46,24.2852,34.489285200000005,-5.2135916
gal00764,1.901,20.0,8.41212704268522,0.04,0.21,25.4793,34.3723076,-5.2133769
gal00765,2.6210000000000004,20.0,7.986350137638771,0.13,0.5,24.5211,34.4915629,-5.2135074999999995
gal00766,1.724,20.0,8.4616708278289,0.13,0.56,24.6799,34.2714214,-5.2134032
gal00767,2.0069999999999997,20.0,8.367674256099694,0.27,0.36,25.1002,34.4458339,-5.2134178
gal00769,1.649,20.0,8.470939923304513,0.16,0.17,25.9477,34.3555756,-5.213294599999999
gal00770,1.0270000000000001,20.0,8.057888601469331,0.41,0.87,21.8023,34.3084039,-5.2145059
gal00771,1.7930000000000001,20.0,8.44655988019627,0.22,0.42,24.7709,34.5384357,-5.2704251
gal00774,2.9010000000000002,20.0,7.7785244796405975,0.12,0.84,24.203000000000003,34.3401053,-5.2134988
gal00776,1.649,20.0,8.470939923304513,0.78,0.32,23.2774,34.2386667,-5.213961
gal00780,1.27,20.0,8.355935390797269,0.18,0.25,25.1885,34.5578389,-5.2703775
gal00781,1.9180000000000001,20.0,8.405651153622458,0.15,0.2,25.4036,34.4415071,-5.2132746
gal00782,1.3869999999999998,20.0,8.426909801582848,0.13,0.35,25.5928,34.2672836,-5.2132432
gal00783,2.971,20.0,7.7253942312966775,0.31,0.58,23.9496,34.4798276,-5.2134459
gal00784,2.2319999999999998,20.0,8.247024028123722,0.14,0.47,24.3757,34.3161306,-5.2134872
gal00785,2.5839999999999996,20.0,8.012939220771145,0.1,0.48,25.7976,34.4055841,-5.213171599999999
gal00786,2.1519999999999997,20.0,8.293358830730824,0.03,0.65,25.8854,34.310542100000006,-5.2703850999999995
gal00787,2.283,20.0,8.21585802745649,0.19,0.31,25.3385,34.506670299999996,-5.2131534
gal00789,1.072,20.0,8.13178572065768,0.42,0.42,23.6022,34.579396700000004,-5.2138679
gal00790,2.6289999999999996,20.0,7.980566593294423,0.23,0.36,25.385,34.5575307,-5.213149
gal00791,1.12,20.0,8.20032542776514,0.14,0.83,24.1976,34.259162700000005,-5.213326400000001
gal00792,1.3319999999999999,20.0,8.398326281923794,0.39,0.44,25.304000000000002,34.295880100000005,-5.270421
gal00795,1.4780000000000002,20.0,8.457882409783808,0.18,0.57,25.025,34.5386685,-5.213154
gal00798,1.016,20.0,8.03830641552948,0.18,0.63,23.3579,34.2748494,-5.213486
gal00800,2.4,20.0,8.140354663129548,0.28,0.44,24.8163,34.407551399999996,-5.213367
gal00801,1.781,20.0,8.449603812658102,0.83,0.36,22.1297,34.381269200000006,-5.214726799999999
gal00804,2.792,20.0,7.860530192009102,0.23,0.59,24.9194,34.4421461,-5.213101999999999
gal00805,1.8259999999999998,20.0,8.437343623588005,0.23,0.66,24.8842,34.4842414,-5.2131457999999995
gal00807,2.276,20.0,8.220204279265527,0.24,0.36,25.1595,34.480664700000005,-5.2130022
gal00808,1.936,20.0,8.398509549518597,0.56,0.46,25.498,34.424019799999996,-5.2129567
gal00809,1.946,20.0,8.394419108919934,0.55,0.26,24.9266,34.5842801,-5.212941000000001
gal00811,1.597,20.0,8.472408680131172,0.23,0.44,25.3138,34.341260299999995,-5.2130833
gal00812,1.2309999999999999,20.0,8.323169537745043,0.2,0.33,25.3913,34.2229548,-5.2130022
gal00815,1.2690000000000001,20.0,8.355156481607809,0.28,0.32,25.246,34.4020399,-5.2129553
gal00817,2.906,20.0,7.7747394989458884,0.31,0.49,25.0526,34.4032348,-5.2131083
gal00818,2.346,20.0,8.175838269023357,0.22,0.31,24.3943,34.487502500000005,-5.2130627
gal00819,1.148,20.0,8.23577751955195,0.14,0.31,26.4613,34.3777148,-5.2128928
gal00822,1.149,20.0,8.236984975492186,0.5,0.3,22.7182,34.5095458,-5.2134292
gal00826,2.865,20.0,7.805722367215375,0.09,0.89,26.416,34.3056921,-5.212850700000001
gal00827,1.304,20.0,8.380588325083325,0.35,0.84,21.9278,34.3756328,-5.213807
gal00828,1.577,20.0,8.471787338368916,0.5,0.26,24.0596,34.4404316,-5.2132122
gal00829,2.142,20.0,8.298908651637754,0.23,0.91,22.2508,34.296136499999996,-5.2136248
gal00830,1.5130000000000001,20.0,8.46496927222079,0.51,0.57,21.7151,34.247507,-5.2140691
gal00831,2.95,20.0,7.741362743023575,0.26,0.68,25.517,34.5679088,-5.2128037
gal00832,1.874,20.0,8.421853004065705,0.2,0.28,26.1529,34.443531400000005,-5.212808
gal00834,2.885,20.0,7.790624504822322,0.25,0.47,26.1636,34.411219,-5.2128087999999995
gal00836,1.6219999999999999,20.0,8.472242780703475,0.33,0.3,25.2912,34.5172461,-5.212784200000001
gal00841,1.319,20.0,8.390369899063256,0.19,0.43,25.3455,34.5844508,-5.2127431
gal00842,1.6059999999999999,20.0,8.472467387119968,0.33,0.81,22.1584,34.3318081,-5.213742
gal00843,1.249,20.0,8.338909279728185,0.13,0.43,23.889,34.538043,-5.2129407
gal00844,1.645,20.0,8.471204343572976,0.31,0.41,24.0776,34.3364375,-5.2131457999999995
gal00845,1.3090000000000002,20.0,8.383921470857306,0.14,0.58,23.9955,34.4622908,-5.212922
gal00846,2.541,20.0,8.043482117947228,0.15,0.7,25.4142,34.463496500000005,-5.2127403
gal00848,2.294,20.0,8.20898607864203,0.3,0.52,23.6545,34.330229200000005,-5.2130668
gal00851,2.6639999999999997,20.0,7.955129610497925,0.18,0.64,24.9233,34.2938008,-5.2127417000000005
gal00852,2.589,20.0,8.00936203326685,0.15,0.55,24.1809,34.317407,-5.2129595
gal00853,2.449,20.0,8.107325854155205,0.39,0.5,25.4175,34.340370899999996,-5.2126570999999995
gal00854,1.661,20.0,8.470001309959981,0.11,0.27,25.1458,34.5476239,-5.2126894
gal00856,2.799,20.0,7.8552974410254075,0.25,0.78,24.8995,34.579915899999996,-5.2128109
gal00858,1.054,20.0,8.103395244163506,0.25,0.46,23.3489,34.2996495,-5.213148400000001
gal00859,1.757,20.0,8.455177463732781,0.38,0.66,23.4329,34.481143200000005,-5.2709552
gal00860,2.5180000000000002,20.0,8.059646043378352,0.62,0.44,24.2988,34.2349229,-5.213136799999999
gal00861,2.281,20.0,8.217101961437491,0.02,0.89,25.5854,34.3719216,-5.2126538
gal00862,1.579,20.0,8.47188046811447,0.34,0.36,25.1792,34.238989700000005,-5.2131875
gal00863,2.6239999999999997,20.0,7.984182695143622,0.08,0.83,25.7048,34.280471399999996,-5.212634400000001
gal00864,1.08,20.0,8.143920768767613,0.46,0.27,26.0082,34.567294,-5.2126013
gal00865,1.49,20.0,8.460594713233348,0.12,0.33,24.5125,34.5734994,-5.2126953
gal00867,2.546,20.0,8.039951740733787,0.19,0.66,26.0709,34.3885626,-5.2126149
gal00868,2.301,20.0,8.20458670018288,0.26,0.24,24.3378,34.2879232,-5.2704642
gal00869,2.787,20.0,7.864264613847195,0.11,0.82,24.7782,34.3043809,-5.2127300000000005
gal00870,1.693,20.0,8.466464426955888,0.07,0.36,25.7091,34.3605624,-5.212609400000001
gal00871,1.972,20.0,8.383387508078457,0.4,0.19,24.9489,34.374103600000005,-5.2128404
gal00872,1.237,20.0,8.328536158437206,0.45,0.23,23.1299,34.5568333,-5.2130746
gal00873,1.5190000000000001,20.0,8.465936937558679,0.33,0.61,22.5437,34.4546325,-5.2134483
gal00874,1.531,20.0,8.467662411716564,0.57,0.38,24.7912,34.4956672,-5.212624099999999
gal00875,2.0069999999999997,20.0,8.367674256099694,0.15,0.24,25.7721,34.578149100000005,-5.212551400000001
gal00876,1.475,20.0,8.457157147472282,0.29,0.1,26.823,34.323023299999996,-5.2125528
gal00877,1.6740000000000002,20.0,8.468742941952193,0.24,0.28,24.889,34.397421,-5.270405599999999
gal00878,1.044,20.0,8.086957145249745,0.61,0.82,22.3658,34.4011427,-5.2139903
gal00879,1.02,20.0,8.045498608033514,0.35,0.68,20.3818,34.5719375,-5.2147613
gal00881,2.204,20.0,8.263615997654941,0.1,0.56,25.3821,34.289211200000004,-5.2126211
gal00882,1.673,20.0,8.46884852197698,0.22,0.88,23.4268,34.551183,-5.2129232000000005
gal00883,1.8019999999999998,20.0,8.44416766560947,0.23,0.15,25.7311,34.2231624,-5.2702813
gal00884,1.436,20.0,8.445950865132762,0.13,0.89,25.9355,34.4334955,-5.212511699999999
gal00888,2.988,20.0,7.7124516678256025,0.11,0.61,26.3763,34.264238899999995,-5.2124513
gal00896,1.675,20.0,8.468635911223204,0.11,0.74,26.3879,34.2797104,-5.212409
gal00897,1.883,20.0,8.418689036405395,0.31,0.35,24.3652,34.397907700000005,-5.2706632
gal00898,2.483,20.0,8.08399111456596,0.3,0.18,25.6069,34.4100748,-5.2124231
gal00900,1.49,20.0,8.460594713233348,0.34,0.4,24.9,34.2951908,-5.2126166
gal00901,1.571,20.0,8.471465933752535,0.15,0.85,26.1427,34.2229205,-5.2123887
gal00902,2.714,20.0,7.9184452800333665,0.07,0.08,26.4177,34.317102500000004,-5.2123801
gal00905,1.135,20.0,8.21971585279883,0.38,0.84,23.1877,34.429027399999995,-5.2129734
gal00908,1.493,20.0,8.461226139721196,0.43,0.25,23.7622,34.582110899999996,-5.2125838
gal00909,1.274,20.0,8.359019677976969,0.22,0.65,24.3066,34.5555606,-5.2125178
gal00910,2.471,20.0,8.092263704654112,0.38,0.57,24.8532,34.3627439,-5.212448999999999
gal00912,2.293,20.0,8.209612902422759,0.43,0.26,24.2754,34.445308700000005,-5.2127056
gal00915,2.405,20.0,8.137018932654616,0.18,0.52,25.139,34.4340648,-5.270339900000001
gal00916,2.707,20.0,7.923603711317611,0.4,0.21,25.5369,34.3476463,-5.2124629
gal00917,1.655,20.0,8.470497696726014,0.26,0.64,24.8915,34.2972711,-5.2125319
gal00918,2.006,20.0,8.368136411269571,0.12,0.69,24.3632,34.4055831,-5.2125387000000005
gal00919,1.367,20.0,8.417437403051478,0.38,0.37,24.328000000000003,34.3728551,-5.2125255
gal00921,1.4509999999999998,20.0,8.450658464938407,0.21,0.42,24.5633,34.2455374,-5.2124505999999995
gal00926,1.415,20.0,8.438493019013102,0.21,0.49,24.6758,34.4947484,-5.2123352999999994
gal00928,1.3430000000000002,20.0,8.40469006413085,0.19,0.45,25.7238,34.4474376,-5.2122603
gal00930,2.0069999999999997,20.0,8.367674256099694,0.3,0.35,25.0101,34.4501719,-5.2125381
gal00932,1.466,20.0,8.454866371984517,0.24,0.34,25.0092,34.5731436,-5.2121923
gal00933,2.053,20.0,8.345619510814767,0.15,0.49,26.4267,34.25148970000001,-5.212194
gal00939,2.387,20.0,8.14898898971879,0.18,0.5,24.2752,34.4852625,-5.2124361
gal00940,1.138,20.0,8.223482943384319,0.08,0.41,21.8782,34.2708678,-5.2130977
gal00941,1.439,20.0,8.446933051285141,0.15,0.7,23.9817,34.4377758,-5.212393700000001
gal00943,2.083,20.0,8.330439022629676,0.56,0.63,22.9381,34.423289399999994,-5.2129406
gal00944,1.068,20.0,8.12560776895314,0.38,0.71,21.1366,34.525476,-5.2139213
gal00946,2.307,20.0,8.200799796171493,0.3,0.54,25.0181,34.4427514,-5.2121816
gal00947,2.909,20.0,7.772467691027233,0.13,0.21,25.4124,34.5120275,-5.212112599999999
gal00949,1.972,20.0,8.383387508078457,0.21,0.26,23.8019,34.48713529999999,-5.2708235
gal00950,1.047,20.0,8.091939316980126,0.29,0.49,26.0371,34.2797226,-5.2120391999999995
gal00951,2.551,20.0,8.036415643614626,0.34,0.68,23.1585,34.3566266,-5.2128167
gal00952,1.099,20.0,8.171584903576946,0.37,0.23,24.2909,34.486990899999995,-5.212179900000001
gal00953,1.9680000000000002,20.0,8.385121170661,0.72,0.43,23.7758,34.3285112,-5.2123635
gal00954,2.957,20.0,7.736042431581431,0.17,0.67,26.1343,34.567567700000005,-5.2120121
gal00955,2.377,20.0,8.155592034212166,0.12,0.84,23.1268,34.4629213,-5.2125449
gal00957,1.429,20.0,8.44357891015375,0.42,0.47,22.8887,34.4359465,-5.2130055
gal00959,1.321,20.0,8.391625103879047,0.19,0.29,24.3315,34.5646375,-5.212329799999999
gal00960,2.593,20.0,8.006496606686309,0.17,0.83,26.0605,34.3684042,-5.2119852
gal00962,1.344,20.0,8.405252103927072,0.21,0.77,25.9105,34.4290195,-5.2702609
gal00963,1.5330000000000001,20.0,8.467923131078743,0.35,0.74,23.825,34.575055600000006,-5.2123442
gal00964,1.744,20.0,8.457901094034693,0.04,0.78,26.2314,34.4062076,-5.2119525
gal00966,1.7730000000000001,20.0,8.451538858024717,0.64,0.48,22.8667,34.5870405,-5.2125655
gal00969,1.452,20.0,8.450954379879432,0.21,0.15,25.9348,34.4013941,-5.2119291
gal00972,1.694,20.0,8.466330354366576,0.14,0.51,25.2292,34.30022460000001,-5.211943499999999
gal00973,2.05,20.0,8.347103955241675,0.53,0.7,24.5284,34.241166,-5.2123158
gal00975,1.2790000000000001,20.0,8.36280495117385,0.72,0.35,24.1766,34.3710623,-5.2120891
gal00978,1.97,20.0,8.384255971952017,0.16,0.72,25.5701,34.4518865,-5.2119269
gal00979,1.624,20.0,8.47218560238479,0.13,0.37,25.4652,34.2531036,-5.2118686
gal00980,1.666,20.0,8.469546728198885,0.12,0.5,26.1077,34.3240045,-5.211873000000001
gal00982,2.9339999999999997,20.0,7.753513290834112,0.27,0.41,24.7344,34.557860299999994,-5.2119295
gal00984,2.312,20.0,8.197632903963612,0.17,0.29,25.3836,34.3128094,-5.270326
gal00985,2.4,20.0,8.140354663129548,0.17,0.34,25.1382,34.403310299999994,-5.211895200000001
gal00990,2.81,20.0,7.847064093000755,0.66,0.31,23.8088,34.29595820000001,-5.2126303
gal00991,1.517,20.0,8.465622224227554,0.34,0.33,23.7184,34.4123605,-5.212413
gal00993,1.974,20.0,8.382515791977308,0.03,0.69,25.4285,34.3681378,-5.2117674
gal00994,1.395,20.0,8.430415514395232,0.2,0.32,25.2083,34.2453773,-5.2119127
gal00995,2.025,20.0,8.35922725431667,0.29,0.3,25.6278,34.4623378,-5.2117663
gal00996,1.041,20.0,8.081931108382067,0.56,0.16,23.8215,34.3223402,-5.212011
gal00997,1.443,20.0,8.448210842600274,0.23,0.53,24.2412,34.453894500000004,-5.2120475
gal00999,2.596,20.0,8.004345415302843,0.19,0.36,26.4242,34.246193100000006,-5.2117234
gal01001,1.351,20.0,8.409110377272194,0.23,0.6,23.8563,34.376755700000004,-5.2121680999999995
gal01005,1.925,20.0,8.402908123873852,0.48,0.23,24.5429,34.2604878,-5.212083799999999
gal01006,1.526,20.0,8.466977188281124,0.29,0.7,23.2527,34.537879700000005,-5.2120809999999995
gal01007,1.9880000000000002,20.0,8.376323793963975,0.53,0.32,23.8796,34.4536738,-5.2705995
gal01009,1.5290000000000001,20.0,8.467394066927602,0.63,0.52,22.0281,34.3376256,-5.2130306
gal01011,1.4609999999999999,20.0,8.453518378768765,0.15,0.39,25.6428,34.2486738,-5.2117258
gal01012,1.216,20.0,8.309216535360529,0.1,0.61,23.9551,34.302817100000006,-5.2119683
gal01015,1.733,20.0,8.46003849212838,0.15,0.41,24.5454,34.266748299999996,-5.270418599999999
gal01016,1.082,20.0,8.146908938289107,0.31,0.23,25.0161,34.567629100000005,-5.211859099999999
gal01018,1.494,20.0,8.461432510656296,0.21,0.35,25.6245,34.4711299,-5.2116302
gal01019,1.5919999999999999,20.0,8.472317386635194,0.08,0.52,26.4704,34.5779306,-5.211609200000001
gal01020,2.838,20.0,7.826052021201817,0.19,0.4,26.2474,34.2319247,-5.211608999999999
gal01023,1.376,20.0,8.421826689115852,0.2,0.42,24.2302,34.3341463,-5.2118642
gal01027,2.5869999999999997,20.0,8.01079352436151,0.28,0.47,24.6787,34.4603236,-5.211715900000001
gal01028,1.319,20.0,8.390369899063256,0.19,0.44,26.3951,34.4309985,-5.2115731
gal01029,1.4069999999999998,20.0,8.4353782557489,0.72,0.28,25.333000000000002,34.467097700000004,-5.2115841
gal01031,1.5619999999999998,20.0,8.470864372391683,0.45,0.49,23.3945,34.4531989,-5.212283
gal01032,1.014,20.0,8.034679457783849,0.19,0.28,23.9363,34.5810059,-5.211759099999999
gal01034,1.754,20.0,8.455824740343825,0.3,0.32,23.9307,34.554728499999996,-5.2762289
gal01035,1.682,20.0,8.467846308899107,0.21,0.26,25.7394,34.4530533,-5.2115258
gal01036,2.074,20.0,8.335056288251849,0.09,0.19,25.3248,34.244533000000004,-5.2115472
gal01037,1.046,20.0,8.090283451012663,0.26,0.63,22.745,34.3250593,-5.2121417
gal01038,2.046,20.0,8.349073470949119,0.08,0.35,26.7003,34.455982899999995,-5.211450599999999
gal01039,1.8769999999999998,20.0,8.420807153195828,0.14,0.8,25.6289,34.429609899999996,-5.2114932000000005
gal01040,2.5839999999999996,20.0,8.012939220771145,0.11,0.26,25.4061,34.3581899,-5.2114568
gal01042,2.9219999999999997,20.0,7.762616322331637,0.22,0.62,25.0944,34.5870516,-5.2114842
gal01044,2.641,20.0,7.971869443014992,0.1,0.54,25.6437,34.2320085,-5.2113765999999995
gal01046,1.735,20.0,8.459661436715429,0.18,0.43,25.9112,34.258526,-5.211353900000001
gal01047,1.81,20.0,8.441964084833781,0.24,0.41,26.2562,34.4421521,-5.2113621
gal01050,1.1640000000000001,20.0,8.254624793330713,0.32,0.39,24.8638,34.5120847,-5.2114163
gal01052,1.138,20.0,8.223482943384319,0.14,0.95,23.1505,34.435215,-5.211776400000001
gal01053,2.858,20.0,7.810999026078488,0.41,0.42,24.1718,34.5691402,-5.2114205
gal01054,1.6769999999999998,20.0,8.468417508749623,0.08,0.73,26.2686,34.4189586,-5.2113023
gal01057,1.909,20.0,8.409112690061514,0.13,0.83,25.5182,34.4824783,-5.211281400000001
gal01058,2.128,20.0,8.306581335683319,0.08,0.3,24.4865,34.4298062,-5.211411900000001
gal01059,1.828,20.0,8.43674640244995,0.54,0.52,23.3539,34.397514,-5.2709771
gal01060,1.281,20.0,8.364297409333654,0.47,0.31,24.7745,34.2360924,-5.2113115
gal01061,1.51,20.0,8.464458855388791,0.21,0.67,22.1265,34.494544,-5.211900599999999
gal01062,1.9080000000000001,20.0,8.409492725669725,0.26,0.34,24.5404,34.3059176,-5.2113059
gal01066,2.589,20.0,8.00936203326685,0.1,0.47,25.101999999999997,34.4817014,-5.2112755
gal01069,1.375,20.0,8.421349308022348,0.29,0.46,24.6569,34.4949593,-5.2112674000000005
gal01070,2.7680000000000002,20.0,7.878429725302493,0.2,0.4,25.2906,34.3260718,-5.211266999999999
gal01071,2.6660000000000004,20.0,7.953669760913117,0.09,0.66,26.3427,34.3567907,-5.2111651
gal01073,1.178,20.0,8.270305450503514,0.23,0.12,25.5646,34.3807995,-5.211121599999999
gal01074,1.8,20.0,8.444707263863696,0.19,0.73,21.8392,34.5447787,-5.212002200000001
gal01076,1.345,20.0,8.405811418842813,0.74,0.31,24.0526,34.3281995,-5.211581099999999
gal01079,1.151,20.0,8.239387987314103,0.5,0.15,25.5941,34.5659254,-5.2110948
gal01080,1.107,20.0,8.182756960028643,0.1,0.64,21.8972,34.2600532,-5.2118261
gal01082,2.773,20.0,7.874706097211272,0.1,0.61,25.459,34.5167482,-5.2110819
gal01083,1.341,20.0,8.403557788978308,0.33,0.49,25.9166,34.26708120000001,-5.2110672
gal01085,2.055,20.0,8.344626422407448,0.1,0.41,25.5389,34.2228791,-5.2111392
gal01086,1.3530000000000002,20.0,8.4101884663415,0.17,0.21,26.1026,34.384723799999996,-5.2110804
gal01088,2.21,20.0,8.26009317389642,0.25,0.32,25.0155,34.2979443,-5.2110983
gal01093,1.7309999999999999,20.0,8.460410365737928,0.33,0.57,23.0362,34.558344700000006,-5.2115704
gal01098,1.1340000000000001,20.0,8.218452008756959,0.12,0.59,26.0928,34.39832620000001,-5.210984
gal01099,2.611,20.0,7.993562723777805,0.36,0.58,24.0385,34.406509,-5.2114631
gal01100,1.4069999999999998,20.0,8.4353782557489,0.26,0.22,25.6523,34.2252942,-5.211145200000001
gal01101,1.9,20.0,8.412499647217988,0.89,0.5,24.3417,34.2832305,-5.270425299999999
gal01102,2.037,20.0,8.353463726081113,0.2,0.7,23.2642,34.3518925,-5.211853700000001
gal01103,2.544,20.0,8.04136458218532,0.14,0.41,24.2269,34.2595602,-5.2112446
gal01104,2.8160000000000003,20.0,7.842567947830223,0.19,0.75,25.4905,34.5188847,-5.210942500000001
gal01105,1.4240000000000002,20.0,8.441815264957874,0.39,0.58,24.9402,34.465644399999995,-5.211071400000001
gal01106,2.76,20.0,7.884381348293233,0.25,0.4,24.3443,34.394019899999996,-5.2111087
gal01107,1.3980000000000001,20.0,8.431689247242948,0.2,0.4,25.2694,34.3490184,-5.2112537
gal01108,1.094,20.0,8.164460435444164,0.25,0.47,24.4738,34.302195000000005,-5.2113033
gal01110,1.949,20.0,8.393175207081544,0.45,0.63,25.3624,34.347705100000006,-5.2702622
gal01111,1.4280000000000002,20.0,8.443230830804174,0.13,0.61,24.9354,34.505036100000005,-5.210969400000001
gal01112,1.405,20.0,8.434575502895997,0.29,0.34,23.4101,34.4710971,-5.2111921
gal01113,1.365,20.0,8.416433451733386,0.37,0.34,23.7334,34.2301929,-5.2111195
gal01114,1.262,20.0,8.349615659578012,0.24,0.62,23.209,34.2929604,-5.2117818
gal01115,1.2329999999999999,20.0,8.32497188674738,0.2,0.35,24.8738,34.4782499,-5.2110017
gal01117,2.282,20.0,8.21648020828262,0.19,0.32,24.2718,34.393499600000006,-5.2109891
gal01118,1.9669999999999999,20.0,8.385552541523312,0.14,0.51,25.3132,34.572740100000004,-5.2108888
gal01121,1.247,20.0,8.337213428897389,0.21,0.41,24.8191,34.5405174,-5.2109635999999995
gal01126,1.012,20.0,8.03103181716016,0.19,0.45,25.2505,34.3344843,-5.2108705
gal01127,1.3769999999999998,20.0,8.42230150728946,0.21,0.92,21.5823,34.332461200000004,-5.2120087
gal01128,1.067,20.0,8.12405168011631,0.18,0.57,23.668000000000003,34.3015609,-5.2109872
gal01129,1.617,20.0,8.472357630606767,0.07,0.82,26.3768,34.413470000000004,-5.2107023
gal01130,1.002,20.0,8.012480494355229,0.33,0.43,23.0829,34.313486499999996,-5.2114827
gal01131,2.847,20.0,7.819282527300984,0.49,0.25,24.6958,34.358375200000005,-5.210743700000001
gal01132,1.344,20.0,8.405252103927072,0.21,0.54,24.645,34.339911799999996,-5.2109125999999995
gal01133,1.5119999999999998,20.0,8.464801111246858,0.29,0.3,24.2121,34.2907876,-5.2108632
gal01135,1.48,20.0,8.458355365394059,0.09,0.45,26.3676,34.472797799999995,-5.2106402
gal01136,1.25,20.0,8.339752295989735,0.18,0.45,23.6947,34.376494799999996,-5.2109239
gal01138,1.27,20.0,8.355935390797269,0.14,0.84,23.4813,34.5635274,-5.210877
gal01141,2.005,20.0,8.368597806636785,0.32,0.22,25.0519,34.551173,-5.2105917
gal01142,1.271,20.0,8.356711158994619,0.18,0.15,26.1856,34.3444594,-5.210603599999999
gal01145,1.456,20.0,8.452115917182816,0.15,0.46,23.982,34.230663299999996,-5.2108692
gal01146,1.3419999999999999,20.0,8.404125294227056,0.24,0.35,23.105,34.5263215,-5.2109157
gal01148,1.653,20.0,8.470651154114686,0.2,0.84,25.8958,34.58723,-5.2105406
gal01151,1.55,20.0,8.469835443040303,0.19,0.48,25.479,34.2749581,-5.2105038
gal01152,1.057,20.0,8.108233053352171,0.43,0.24,22.8562,34.5787622,-5.210791
gal01154,1.107,20.0,8.182756960028643,0.16,0.78,26.3035,34.5806864,-5.210477
gal01156,2.073,20.0,8.33556602328559,0.18,0.26,25.8076,34.4170636,-5.2104813
gal01157,2.7,20.0,7.928755048155344,0.22,0.34,25.9235,34.3272217,-5.2104363
gal01158,1.6769999999999998,20.0,8.468417508749623,0.46,0.31,24.0396,34.544759,-5.2106294
gal01162,1.9709999999999999,20.0,8.383822147351164,0.2,0.62,25.688000000000002,34.29767879999999,-5.2103636
gal01164,1.033,20.0,8.068311911754224,0.31,0.5,22.6001,34.5267472,-5.2110683
gal01165,1.0270000000000001,20.0,8.057888601469331,0.37,0.31,24.639,34.4376688,-5.2105632
gal01168,1.3419999999999999,20.0,8.404125294227056,0.34,0.6,25.5122,34.3908615,-5.2103375
gal01170,1.92,20.0,8.404871927131591,0.87,0.38,23.8711,34.2552167,-5.210636099999999
gal01171,1.54,20.0,8.468776016815093,0.43,0.5,25.1443,34.285425700000005,-5.210411799999999
gal01172,1.954,20.0,8.391085040541551,0.46,0.21,24.1445,34.4694423,-5.2109227
gal01173,2.8110000000000004,20.0,7.846314987929647,0.14,0.42,26.4779,34.2317537,-5.2102627
gal01174,2.6319999999999997,20.0,7.978394736458432,0.43,0.73,23.9535,34.4518927,-5.210609
gal01178,2.6860000000000004,20.0,7.939035810121045,0.6,0.64,23.2959,34.5160381,-5.2110623
gal01180,1.371,20.0,8.419414056124605,0.32,0.32,23.3411,34.4699472,-5.2104926
gal01181,2.79,20.0,7.862024290026561,0.27,0.2,26.5725,34.3835979,-5.210239700000001
gal01182,1.028,20.0,8.059638361578248,0.23,0.78,21.8279,34.35180820000001,-5.210918799999999
gal01186,1.517,20.0,8.465622224227554,0.12,0.74,24.2651,34.4823081,-5.2104894
gal01187,1.686,20.0,8.467363616855076,0.12,0.31,23.38,34.5809611,-5.2104455000000005
gal01189,1.25,20.0,8.339752295989735,0.2,0.8,23.8393,34.461326899999996,-5.210666099999999
gal01193,2.81,20.0,7.847064093000755,0.29,0.36,24.5687,34.5821878,-5.2103889
gal01194,2.06,20.0,8.342131676952329,0.12,0.83,25.0386,34.355324700000004,-5.2102151
gal01196,1.65,20.0,8.470870006445015,0.27,0.63,21.6312,34.2249497,-5.2110445
gal01198,1.256,20.0,8.344742061461117,0.28,0.11,25.8047,34.246725299999994,-5.2100415
gal01199,1.3119999999999998,20.0,8.385886344132327,0.34,0.4,23.2844,34.3954055,-5.210467700000001
gal01200,1.3619999999999999,20.0,8.41490788130741,0.16,0.39,25.2137,34.430810799999996,-5.2101291
gal01201,1.185,20.0,8.277868752929137,0.44,0.35,24.5046,34.4132855,-5.2703727
gal01202,1.01,20.0,8.02736341181804,0.3,0.63,25.1135,34.3595158,-5.2102837
gal01203,2.802,20.0,7.853053234082485,0.26,0.41,25.6797,34.2715041,-5.2100148
gal01205,2.342,20.0,8.178425244949496,0.2,0.61,26.3186,34.2910301,-5.2100158
gal01207,1.806,20.0,8.443074877826769,0.37,0.35,25.1601,34.2536528,-5.2101842000000005
gal01208,1.125,20.0,8.206892545623742,0.43,0.44,24.7312,34.286706099999996,-5.2101294000000005
gal01210,1.693,20.0,8.466464426955888,0.35,0.4,24.9059,34.5495827,-5.2101665
gal01213,1.484,20.0,8.459276094910217,0.17,0.67,21.6487,34.349321200000006,-5.2109182999999994
gal01216,1.045,20.0,8.088622730288169,0.61,0.48,22.1661,34.308713299999994,-5.2107278
gal01217,1.016,20.0,8.03830641552948,0.25,0.43,26.0676,34.2781503,-5.2099018
gal01220,1.193,20.0,8.286290586497122,0.32,0.5,23.090999999999998,34.428952,-5.2706386
gal01225,2.718,20.0,7.915494479394213,0.45,0.51,23.3456,34.417832700000005,-5.2103958
gal01226,1.295,20.0,8.374402824705317,0.27,0.34,23.6296,34.5321514,-5.2103785
gal01227,1.383,20.0,8.425096868712195,0.44,0.38,22.5734,34.4612845,-5.2110734
gal01228,1.114,20.0,8.192306199180036,0.24,0.39,23.1806,34.457498799999996,-5.2704835
gal01229,2.436,20.0,8.116160330051262,0.85,0.13,24.6573,34.5019625,-5.2102115
gal01230,1.0859999999999999,20.0,8.152831064473425,0.25,0.76,24.801,34.528903299999996,-5.209949
gal01231,1.94,20.0,8.396883754303804,0.49,0.41,24.9753,34.5152184,-5.209944200000001
gal01232,1.714,20.0,8.463359235838556,0.06,0.91,23.9071,34.489662599999996,-5.2101298
gal01233,1.3730000000000002,20.0,8.420386837429946,0.2,0.34,24.0911,34.5545859,-5.2099859
gal01234,2.6689999999999996,20.0,7.9514787573494745,0.21,0.47,24.5479,34.4930127,-5.2099553
gal01237,1.026,20.0,8.056133801562858,0.34,0.61,24.3561,34.2475282,-5.2100575
gal01238,2.2230000000000003,20.0,8.252399002416189,0.16,0.33,25.4121,34.3702664,-5.2701395
gal01239,1.422,20.0,8.441093470646564,0.34,0.53,22.8748,34.412155600000006,-5.210304900000001
gal01240,2.385,20.0,8.150312325204098,0.14,0.7,26.1847,34.2410425,-5.2097407
gal01241,1.237,20.0,8.328536158437206,0.34,0.48,25.4887,34.2308468,-5.2097371
gal01243,2.4530000000000003,20.0,8.104597564607396,0.15,0.5,26.3426,34.368522600000006,-5.2097386
gal01244,1.6869999999999998,20.0,8.467239392699277,0.24,0.58,25.9934,34.470306799999996,-5.2097221
gal01246,1.824,20.0,8.437936514554313,0.29,0.18,26.1332,34.312956,-5.2700916
gal01247,2.401,20.0,8.139688169236193,0.08,0.47,26.584,34.4144429,-5.209712799999999
gal01248,1.577,20.0,8.471787338368916,0.63,0.35,23.2705,34.56447120000001,-5.2106616
gal01249,1.4380000000000002,20.0,8.446607933862127,0.21,0.44,23.8138,34.524655100000004,-5.2101611
gal01250,1.284,20.0,8.366513047270296,0.17,0.67,23.6429,34.2488648,-5.2100974
gal01251,1.3630000000000002,20.0,8.415419030600408,0.41,0.66,24.5652,34.4111285,-5.209990599999999
gal01254,2.7960000000000003,20.0,7.85754069301771,0.24,0.59,25.4109,34.5688951,-5.2096375
gal01255,2.938,20.0,7.750477025775994,0.23,0.18,25.7102,34.3584528,-5.2700814000000005
gal01258,1.348,20.0,8.407473066424009,0.12,0.84,24.2053,34.408882899999995,-5.2099318
gal01259,2.4659999999999997,20.0,8.095698933024973,0.35,0.74,25.2794,34.4306658,-5.2097133
gal01261,1.911,20.0,8.408349858520111,0.03,0.64,25.6105,34.4560755,-5.2700778
gal01263,1.4240000000000002,20.0,8.441815264957874,0.52,0.49,23.2726,34.4693744,-5.2101301
gal01264,1.145,20.0,8.232131258849456,0.1,0.56,25.4471,34.525746999999996,-5.2095695
gal01265,1.521,20.0,8.46624384890737,0.23,0.42,24.8459,34.4444821,-5.209747900000001
gal01266,1.337,20.0,8.401260309424567,0.21,0.5,25.0197,34.467684600000005,-5.2096465
gal01268,2.535,20.0,8.047710914891352,0.26,0.35,23.4399,34.2285471,-5.210041599999999
gal01269,1.348,20.0,8.407473066424009,0.27,0.55,25.1906,34.3372505,-5.2096457
gal01270,2.7430000000000003,20.0,7.897002403866152,0.53,0.57,23.7152,34.5703068,-5.2097739999999995
gal01271,1.141,20.0,8.227213537775693,0.7,0.7,20.289,34.52566229999999,-5.212478400000001
gal01275,2.9339999999999997,20.0,7.753513290834112,0.29,0.19,25.6732,34.2772326,-5.2095219
gal01277,1.98,20.0,8.379881258987588,0.22,0.82,24.6215,34.490809000000006,-5.2095956
gal01278,2.287,20.0,8.213365046137373,0.52,0.31,24.0055,34.433231799999994,-5.209742299999999
gal01279,1.6969999999999998,20.0,8.465919770317674,0.32,0.4,23.3503,34.4715693,-5.2703456
gal01280,1.341,20.0,8.403557788978308,0.19,0.33,25.4252,34.471001,-5.2093945999999995
gal01282,2.222,20.0,8.252993806209494,0.18,0.63,23.5248,34.3304756,-5.209756400000001
gal01283,1.3559999999999999,20.0,8.411785525510771,0.26,0.33,24.2613,34.537040399999995,-5.2096218
gal01287,1.554,20.0,8.470207538000246,0.52,0.29,22.6423,34.227711,-5.2108031
gal01288,1.685,20.0,8.467486423274831,0.75,0.3,22.8363,34.5571111,-5.210463900000001
gal01289,2.8369999999999997,20.0,7.826803734820527,0.15,0.21,26.1833,34.525259399999996,-5.209328299999999
gal01290,2.22,20.0,8.25418195202638,0.12,0.6,23.7695,34.2580666,-5.2098581
gal01295,2.32,20.0,8.192545107855473,0.26,0.48,25.0952,34.4220256,-5.2094906
gal01298,1.81,20.0,8.441964084833781,0.08,0.49,26.494,34.413396999999996,-5.2093055999999995
gal01303,1.272,20.0,8.357483792240178,0.62,0.48,24.3633,34.395936799999994,-5.209517400000001
gal01308,1.587,20.0,8.472183670381368,0.13,0.61,22.424,34.3926948,-5.2707443
gal01309,1.4569999999999999,20.0,8.45240079196691,0.51,0.52,22.6959,34.4133866,-5.2104214
gal01310,2.3930000000000002,20.0,8.145010903863366,0.08,0.51,24.5505,34.443737899999995,-5.2093455
gal01311,2.0,20.0,8.370893333113619,0.25,0.2,24.6535,34.48574910000001,-5.209303
gal01312,2.903,20.0,7.777010694187568,0.22,0.43,25.4015,34.5233435,-5.209175599999999
gal01313,1.53,20.0,8.46752919431947,0.12,0.54,25.2753,34.575423,-5.209183599999999
gal01317,1.9809999999999999,20.0,8.37943936002902,0.23,0.47,24.8524,34.271887299999996,-5.2092523
gal01319,2.157,20.0,8.290562685137896,0.22,0.39,24.2051,34.3567867,-5.209318799999999
gal01320,1.186,20.0,8.278934361777766,0.51,0.31,23.3563,34.534353100000004,-5.209807
gal01322,2.258,20.0,8.231282069274943,0.56,0.55,22.7474,34.4263825,-5.2709745
gal01324,1.27,20.0,8.355935390797269,0.28,0.44,24.1506,34.58818370000001,-5.209382499999999
gal01325,2.775,20.0,7.873215828095428,0.25,0.72,25.083000000000002,34.480168,-5.2091513
gal01327,1.561,20.0,8.470788593328537,0.33,0.66,25.0807,34.25479489999999,-5.2092517
gal01328,1.334,20.0,8.399508220465993,0.27,0.31,24.5979,34.2525179,-5.209372
gal01329,1.4580000000000002,20.0,8.452683471335266,0.09,0.83,24.2458,34.4736117,-5.2092126
gal01330,1.607,20.0,8.472465607175035,0.16,0.94,23.458000000000002,34.5402895,-5.2093932999999994
gal01332,1.14,20.0,8.225974048301197,0.23,0.39,25.1071,34.5794872,-5.2091102
gal01334,1.064,20.0,8.119355425430584,0.41,0.27,24.7455,34.4820948,-5.2700526
gal01335,1.315,20.0,8.387825141050271,0.54,0.55,22.412,34.2947417,-5.210429
gal01336,2.256,20.0,8.232504025581349,0.1,0.53,24.5251,34.248615799999996,-5.2091609000000005
gal01337,2.045,20.0,8.34956410056664,0.22,0.22,25.8369,34.2747381,-5.2089449
gal01340,1.6380000000000001,20.0,8.471607926243895,0.26,0.62,24.7731,34.460975,-5.2090597999999995
gal01341,2.083,20.0,8.330439022629676,0.42,0.19,23.5225,34.4230662,-5.270240900000001
gal01343,1.331,20.0,8.397731132888584,0.17,0.34,23.9809,34.4565136,-5.209064499999999
gal01347,2.2640000000000002,20.0,8.227605416385035,0.34,0.19,25.3041,34.510875299999995,-5.208938099999999
gal01348,2.1630000000000003,20.0,8.287188894104574,0.21,0.35,24.9234,34.2506451,-5.2700927
gal01350,1.6,20.0,8.47244326112147,0.3,0.6,25.291,34.586557,-5.2087919000000005
gal01353,2.114,20.0,8.314137767538076,0.03,0.1,26.6321,34.434296200000006,-5.208753400000001
gal01354,1.234,20.0,8.325867998207224,0.35,0.31,23.9581,34.3050724,-5.2089712
gal01358,1.27,20.0,8.355935390797269,0.09,0.35,26.4217,34.578173,-5.2086783
gal01360,1.4240000000000002,20.0,8.441815264957874,0.33,0.57,22.4046,34.5405193,-5.270610700000001
gal01361,1.722,20.0,8.46201913524875,0.15,0.64,25.3389,34.544661700000006,-5.208656400000001
gal01362,1.084,20.0,8.149879013283496,0.39,0.83,22.5348,34.5315942,-5.209635
gal01365,1.689,20.0,8.466986702031683,0.61,0.61,25.8353,34.2368136,-5.2086111
gal01367,1.676,20.0,8.468527432565551,0.47,0.38,23.1811,34.296305700000005,-5.209094
gal01370,2.246,20.0,8.238586494372662,0.27,0.25,24.8356,34.389143,-5.208793
gal01372,1.9709999999999999,20.0,8.383822147351164,0.38,0.5,23.2917,34.437206200000006,-5.2093011
gal01379,2.786,20.0,7.865011167351211,0.53,0.18,24.9233,34.2731447,-5.208678900000001
gal01380,2.101,20.0,8.321047387921151,0.31,0.29,25.0425,34.5086147,-5.208722799999999
gal01381,2.72,20.0,7.914018238281638,0.08,0.49,22.8663,34.5193278,-5.2089715
gal01382,2.379,20.0,8.154274164520611,0.1,0.68,24.7072,34.4796424,-5.208712599999999
gal01383,1.041,20.0,8.081931108382067,0.39,0.67,22.3162,34.5387,-5.209472900000001
gal01384,2.468,20.0,8.094325676585735,0.29,0.58,24.3161,34.3234419,-5.2089541
gal01387,2.944,20.0,7.745920895003916,0.16,0.48,25.6093,34.570353499999996,-5.2084946
gal01389,1.324,20.0,8.39348656661304,0.29,0.54,23.5414,34.2947826,-5.2089903
gal01393,1.37,20.0,8.41892378660372,0.22,0.77,22.9794,34.409936200000004,-5.2090247000000005
gal01400,1.982,20.0,8.378996662426331,0.1,0.24,26.4184,34.335281,-5.2084418
